"ASN","abuser_score","abuser_rank","active","type","Entity"
"612","0","Very Low","False","","US | PRECISIONTECH - PRECISION TECHNOLOGY Inc,US"
"3396","0","Very Low","False","","US | EGG - T G & A"
"3502","0","Very Low","False","","US | INTNET"
"3563","0","Very Low","False","","US | PILOT-ASN - Pilot Network Services, Inc,US"
"3722","0","Very Low","False","","Tranquil Hosting, Inc."
"3900","0","Very Low","False","","YHC Corporation"
"3904","0","Very Low","False","","US | ASTHOUGHTPRT - ThoughtPort inc., US"
"4250","0","Very Low","False","","ALENT-ASN-1 - Alentus Corporation, US"
"4323","0","Very Low","False","","TWTC - tw telecom holdings, inc., US"
"4640","0","Very Low","False","","AT | The Internetworking Corporation, Hong Kong"
"5041","0","Very Low","False","","AS-CLOUDKLEYER - cloudKleyer Canada Corp., CA"
"5784","0","Very Low","False","","US | GETNET - Getnet International, US"
"6188","0","Very Low","False","","VPS Datacenter, LLC"
"6218","0","Very Low","False","","US | MIBX - MIBX, Inc., US"
"6560","0","Very Low","False","","ZA | GEM Internet Company (Pty) LTD"
"6603","0","Very Low","False","","US | CottonWood CyberVentures"
"6659","0","Very Low","False","hosting","PlusServer GmbH"
"7052","0","Very Low","False","","US | Hi-Tech Services, Inc."
"7156","0","Very Low","False","","BR | AGATE2 - Agate Internet Services, Inc.,US"
"7158","0","Very Low","False","","US | NETFEED-AS - NetEx Online Services, US"
"7259","0","Very Low","False","","US | net.Genesis Corp"
"7289","0","Very Low","False","","US | Platinum Internet Group"
"7309","0","Very Low","False","","US | The Virtual Marketing Corporation"
"7337","0","Very Low","False","","US | Southern NJ Internet Providers"
"7496","0","Very Low","False","","ARQ GROUP ENTERPRISE PTY LTD"
"7544","0","Very Low","False","","US | COMCLARK-IXG ComClark Network & Technology Corp,PH"
"7598","0","Very Low","False","","Websense Hosted Security - AsiaPac region"
"7655","0","Very Low","False","","US | TWNAP-ADMIN-AS-AP Peering AS,TW"
"7827","0","Very Low","False","","US | American Business Information"
"7880","0","Very Low","False","","AT | NEURAL-AS - Neural Applications,US"
"7907","0","Very Low","False","","US | Networldtron Corp"
"7918","0","Very Low","False","","US | Larkom"
"8556","0","Very Low","False","","Levantis Hosting GmbH"
"9412","0","Very Low","False","","Hostworks Content Delivery System"
"10114","0","Very Low","False","","CN | ASIANET-AP PT.Medialintas Antar Buana, ID"
"10462","0","Very Low","False","","US | Shadow Infromation Services"
"10532","0","Very Low","False","","Rackspace Hosting"
"10741","0","Very Low","False","","CA | WAMNET - Wam Net Enterprises Inc.,US"
"10765","0","Very Low","False","","CLOUDNET-AS - CloudNet, US"
"11274","0","Very Low","False","","Adhost Internet Advertising, LLC"
"11282","0","Very Low","False","","SERVERYOU - SERVERYOU INC, US"
"11588","0","Very Low","False","","HIGHWINDS - Highwinds Network Group, Inc., US"
"11754","0","Very Low","False","","US | ORANGE COUNTY NETWORKS, LLC"
"11854","0","Very Low","False","","US | Internap Hholding LLC"
"12506","0","Very Low","False","","NL | Inspiring Networks BV"
"12617","0","Very Low","False","","Solido Hosting A/S"
"12720","0","Very Low","False","","BG | BULGARIAONLINE , BG"
"13537","0","Very Low","False","","US | MEGACOLO - Mega Colocation, Inc., US"
"13557","0","Very Low","False","","US | NETIN - NetIn.com, Inc. Dallas Texas,US"
"13647","0","Very Low","False","","Tranquil Hosting, Inc."
"14029","0","Very Low","False","","ZW | DC Econet"
"14141","0","Very Low","False","","TOTAL-SERVER-SOLUTIONS - Total Server Solutions L.L.C., US"
"14179","0","Very Low","False","","AU | Interactive Gaming and Wagering N.V."
"14202","0","Very Low","False","","US | [Name not set and lost]"
"14442","0","Very Low","False","","Media-Hosts Inc."
"14572","0","Very Low","False","","US | N2V - N2V, INC.,US"
"14986","0","Very Low","False","","Ultra Hosting"
"15003","0","Very Low","False","","NOBIS-TECH - Nobis Technology Group, LLC, US"
"15189","0","Very Low","False","","HostVentures.com, Inc."
"15216","0","Very Low","False","","Hostway Corporation"
"15734","0","Very Low","False","","IDH, ES"
"16535","0","Very Low","False","","Echostar Holding Purchasing Corporation"
"16862","0","Very Low","False","","Kansas Hosting, LLC"
"17019","0","Very Low","False","","JCHost Internet Services, LLC"
"17048","0","Very Low","False","","US | AWKNET-LLC"
"17312","0","Very Low","False","","ID | TERNETCONNEC,ZA"
"17393","0","Very Low","False","","SERVERGRID - The Aldridge Company, US"
"17669","0","Very Low","False","","INFOPLEX Hosting and Managed Service Provider Asia Pacific"
"17920","0","Very Low","False","","Ultra Serve Internet Pty Ltd - Transit AS - Hosting Provider"
"17974","0","Very Low","False","","UNKNOWN"
"17997","0","Very Low","False","","CN | China Enterprise Communications Ltd."
"18586","0","Very Low","False","","US | DIVINEHOST - Divine Hosting Services, US"
"19234","0","Very Low","False","","Canada Web Hosting"
"19376","0","Very Low","False","","JUSTNET Ministerie van Justitie, NL"
"19710","0","Very Low","False","","US | DINO-SOL"
"19832","0","Very Low","False","","za | Link Data Group"
"19894","0","Very Low","False","","US | Novel, Inc (novelscs.com)"
"20150","0","Very Low","False","hosting","anyNode"
"20360","0","Very Low","False","business","Centralo Corporation, LLC"
"20401","0","Very Low","False","","Hostway Corporation"
"20692","0","Very Low","False","","NetGate Datacenter ASN"
"20730","0","Very Low","False","","GB | BIKS+ Ltd."
"21159","0","Very Low","False","","NOVOSERVE-GMBH-AS Frankfurt, Germany, NL"
"21321","0","Very Low","False","","ARETI-AS, GB"
"21584","0","Very Low","False","","US | X2CLOUD-MAIN - X2Cloud, LLC"
"21679","0","Very Low","False","","SERVERSIDE-01 - Server Side, Inc., US"
"21926","0","Very Low","False","","US | TREASUREISLAND-ASN1 - Treasure Island Colocation, LLC"
"21983","0","Very Low","False","","US | AURORNET - Aurora Networking, US"
"22152","0","Very Low","False","","OC Hosting, Inc."
"22558","0","Very Low","False","","VPSDATACENTER - VPS Datacenter, LLC, US"
"22628","0","Very Low","False","","US | Alta Tecnologia (ALTEC), S.A."
"22720","0","Very Low","False","","Rackspace Hosting"
"22822","0","Very Low","False","hosting","Limelight Networks, Inc."
"22979","0","Very Low","False","","US | DUPACO-COM-BGP"
"23052","0","Very Low","False","","ihost Solutions, Inc."
"23108","0","Very Low","False","","Quantact Hosting Solutions, Inc."
"23450","0","Very Low","False","","US | Triumph Networking LLC"
"23537","0","Very Low","False","","US | MICROSOURCEASN - Micro Source, Inc."
"24142","0","Very Low","False","","CN | Shanghai Bennalong Network Technology Co.,LTD"
"24220","0","Very Low","False","","Hostcentral"
"24428","0","Very Low","False","","CN | Beijing Founder Broadband Network Technology Co.,Ltd"
"24549","0","Very Low","False","","Pacificnet Hosting Ltd"
"24931","0","Very Low","False","","DediPower Managed Hosting Limited"
"25128","0","Very Low","False","","Hostway Deutschland GmbH"
"25542","0","Very Low","False","","Amsterdam"
"25897","0","Very Low","False","","SERVERBEACH - Cogeco Peer 1 (USA) Inc., US"
"25926","0","Very Low","False","","HostUS"
"26044","0","Very Low","False","","US | DEDIPRO - Dedicated Professionals, LLC"
"26484","0","Very Low","False","","HOSTSPACE NETWORKS LLC"
"26754","0","Very Low","False","","ZA | SPIDD-AFRICA"
"27524","0","Very Low","False","isp","OCTALION INC."
"27846","0","Very Low","False","","AR | DOS MONOS S.A."
"28092","0","Very Low","False","","PA | Panama Hosting Technologies,PA"
"28490","0","Very Low","False","","US | TELEVISION POR CABLE DEL NORTE DE SONORA S.A. DE C.V.,MX"
"29073","0","Very Low","False","","QUASINETWORKS, NL"
"29354","0","Very Low","False","","PCE-DE-DUS - PCE-NET GmbH, DE"
"29791","0","Very Low","False","","US | AS-INTERNAP"
"29812","0","Very Low","False","","US | ONEZERO - One Zero Hosting Inc., US"
"30137","0","Very Low","False","","US | SEA-BROADBAND - Sea Broadband, LLC"
"30152","0","Very Low","False","","Beyond Hosting, LLC"
"30186","0","Very Low","False","","US | ROSS - Ross Technology Inc., US"
"30235","0","Very Low","False","","Twinservers Hosting Solutions Inc."
"30496","0","Very Low","False","","TierPoint, LLC"
"30693","0","Very Low","False","","SERVERHUB-PHOENIX - Eonix Corporation, US"
"30968","0","Very Low","False","","OOO National Telecommunications"
"31240","0","Very Low","False","","JSC Hosting Telesystems autonomous system"
"31698","0","Very Low","False","","AS Number for WebHost.ie Ltd"
"31797","0","Very Low","False","","US | Galaxyvisions Inc"
"31815","0","Very Low","False","","Media Temple, Inc."
"32087","0","Very Low","False","","DEDICATED-HOSTING-BIZ-INC - DEDICATED-HOSTING.BIZ INC, US"
"32177","0","Very Low","False","","US | XEEX-COMMUNICATIONS"
"32275","0","Very Low","False","","Unified Webhosting, LLC"
"32311","0","Very Low","False","","US | JKS-ASN - JKS Media, LLC"
"32714","0","Very Low","False","","ZA | Compute Corporate Technology Solutions"
"32911","0","Very Low","False","","DediPower Managed Hosting"
"32931","0","Very Low","False","","Peaktera"
"32959","0","Very Low","False","","US | LITEUP - LiteUp, Inc., US"
"33251","0","Very Low","False","","Windstream Hosted Solutions, LLC"
"33260","0","Very Low","False","","Hostasaurus, Inc."
"33330","0","Very Low","False","","CLOUDRADIUM-ASN - CloudRadium L.L.C, US"
"33475","0","Very Low","False","","US | RSN-1 - RockSolid Network, Inc."
"33517","0","Very Low","False","","Oracle Corporation"
"33532","0","Very Low","False","","US | VOYAGETECHAS - Voyage Technologies, US"
"33552","0","Very Low","False","","Fluid Hosting LLC"
"33688","0","Very Low","False","","SE | SUMMITEIS-AS - SummitEIS"
"33785","0","Very Low","False","","CITYNET, EG"
"33891","0","Very Low","False","","CORE-BACKBONE, DE"
"34109","0","Very Low","False","","DE | AS34109 CB3ROB Ltd."
"34649","0","Very Low","False","hosting","HOST365 LIMITED"
"34991","0","Very Low","False","","BG | WNS-AS, BG"
"35017","0","Very Low","False","","SWIFTWAY-AS Netherlands, GB"
"35555","0","Very Low","False","","RU | CrexFexPex-SecureRussia"
"35662","0","Very Low","False","","REDSTATION European Network, GB"
"35913","0","Very Low","False","","DediPath"
"35914","0","Very Low","False","","FireHost, Inc."
"36024","0","Very Low","False","","COLO4-CO - Colo4, LLC, US"
"36887","0","Very Low","False","","DOPC-AS, NG"
"37135","0","Very Low","False","","MZ | tropicalweb-as, MZ"
"37268","0","Very Low","False","","NG | E M West Africa, Lagos, Nigeria"
"37377","0","Very Low","False","","Futurecom, NG"
"37643","0","Very Low","False","","Ambion-AS, NG"
"37692","0","Very Low","False","","NetStack-AS, ZA"
"37775","0","Very Low","False","","ZA | DJIX-PEERING-AS, DJ"
"37962","0","Very Low","False","","SG | CNNIC-SGATHER-AP Beijing Sgather Telecom Engineering Co.Ltd.,CN"
"38226","0","Very Low","False","","Online Stock Trading Company"
"38279","0","Very Low","False","","IOMNET-AS ISP/Hosting service Provider Manila"
"40446","0","Very Low","False","","CN | -Reserved AS-, ZZ"
"40529","0","Very Low","False","","US | CORBIXNETWORKS - Moxie Communications, Inc., CA"
"40665","0","Very Low","False","","US | SPCTR - SPECTRE NETWORKS LTD, US"
"40775","0","Very Low","False","","US | WIRELESSASPAS1 - Wirelessasperations, LLC,US"
"41011","0","Very Low","False","","RO | Ch-net S.r.l."
"41665","0","Very Low","False","hosting","Tehnologii Budushego LLC"
"42210","0","Very Low","False","","Host Virtual, Inc"
"42229","0","Very Low","False","","PT | EBT-AS, PT"
"42311","0","Very Low","False","","PGHOSTING-DRESDEN-BACKBONE"
"42400","0","Very Low","False","","Multihost IT AS"
"42418","0","Very Low","False","","Hostnordic A/S"
"42457","0","Very Low","False","","ES | JOHNBART SOFTWARE & MUSIC S.L"
"42462","0","Very Low","False","","ES | Moneyback, S.L."
"42602","0","Very Low","False","","UA | KING-TRANS-AS, UA"
"42694","0","Very Low","False","isp","Uplink SRL"
"42994","0","Very Low","False","","Rachamim Aviel Twito trading as A.B INTERNET SOLUTIONS"
"43043","0","Very Low","False","hosting","aurologic GmbH"
"43146","0","Very Low","False","","Agava ltd, RU"
"43147","0","Very Low","False","","UA | GALAXY, BG"
"43198","0","Very Low","False","","Outsourcery Hosting LTD"
"43554","0","Very Low","False","","UA | Cifrovye Dispetcherskie Sistemy"
"43620","0","Very Low","False","","Syan Limited Hosting"
"43659","0","Very Low","False","","DE | Cloud Computing Ltd."
"43945","0","Very Low","False",""," | Netstyle A. Ltd"
"44204","0","Very Low","False","","GB | FX-MEDIA-AS , RO"
"44220","0","Very Low","False","","Parfumuri Femei.com SRL"
"44414","0","Very Low","False","","RO | SC Holland Toner SRL"
"44520","0","Very Low","False","","RO | Multihands SRL"
"44685","0","Very Low","False","","US | Patron Technology Persia Ltd"
"44750","0","Very Low","False","","UA | ATOMOHOST-AS ATOMOHOST-DC1, UA"
"44853","0","Very Low","False","","MD | TELEHOST, MD"
"45031","0","Very Low","False","","IPv4 & IPv6 DUS1"
"45052","0","Very Low","False","","RO | JONY-GLOBAL-GSM-SRL-AS Str. Tatulesti 5, RO"
"45328","0","Very Low","False","","NIPA TECHNOLOGY CO., LTD"
"45429","0","Very Low","False","","UNKNOWN"
"45486","0","Very Low","False","","HostCorp Internet"
"45569","0","Very Low","False","","US | XEEX-AS-AP Xeex Communication,IN"
"45693","0","Very Low","False","","INDIAGAMES TRANSIT AS Content hosting serivce India"
"46176","0","Very Low","False","","Komputer King LLC"
"46260","0","Very Low","False","","MEDHOST, Inc."
"46284","0","Very Low","False","","GB | FHCC-NETWORK - IFREEDOM DIRECT CORPORATION"
"46370","0","Very Low","False","","US | GRANDWEB - Grand Web Solutions, Inc., US"
"46816","0","Very Low","False","","DSNETWORKS-001 - DirectSpace Networks, LLC., US"
"46873","0","Very Low","False","","Host Color"
"46931","0","Very Low","False","","US | COUGARCOMM - Cougar Communications,US"
"46945","0","Very Low","False","","Elite Hosts, Inc."
"47161","0","Very Low","False","","KosmoHost IT Technologies LTD"
"47500","0","Very Low","False","","MD | I-INVEST, MD"
"47598","0","Very Low","False","","UA | KHTEL-AS, UA"
"47602","0","Very Low","False","","RS | PROFISOL-AS, RO"
"47920","0","Very Low","False","","UA | COMREC, UA"
"48028","0","Very Low","False","","US | HAXXR-GAMES, GB"
"48066","0","Very Low","False","","RU | MOBILESTROYPROEKTAS, RU"
"48080","0","Very Low","False","","ORG-DP125-RIPE"
"48262","0","Very Low","False","","PT | TELENEUT-AS, GB"
"48446","0","Very Low","False","","Hostersi Sp. z o.o."
"48974","0","Very Low","False","","MD | I-INVEST, MD"
"49006","0","Very Low","False","isp","SC ITNS.NET SRL"
"49349","0","Very Low","False","","DOTSI, PT"
"49443","0","Very Low","False","isp","SC ITNS.NET SRL"
"49643","0","Very Low","False","","RO | Holland Toner Kft"
"49716","0","Very Low","False","","Fiber Telecom, LLC"
"49818","0","Very Low","False","","BG | ROYAL , RO"
"50461","0","Very Low","False","","IQ | ALMADINAH-AS , IQ"
"50915","0","Very Low","False","","S.C. Everhost S.R.L."
"50986","0","Very Low","False","","Excellent Hosting Sweden AB"
"51109","0","Very Low","False","","CAMELHOST SIA"
"51445","0","Very Low","False","","RO | DUMICONET Dumcon Intermed SRL"
"51490","0","Very Low","False","","GB | Proper Support LLP"
"51731","0","Very Low","False","","GTT-AS, CZ"
"51862","0","Very Low","False","","1&1 IONOS SE"
"51961","0","Very Low","False","","CA | XNS Technology Group Inc."
"52219","0","Very Low","False","","ROUTERNETWORKS, US"
"52302","0","Very Low","False","","PA | Awknet International, S.A."
"52499","0","Very Low","False","","BZ | MegaLink, BO"
"52733","0","Very Low","False","","BR | Volcano Com. e Serv. Imp. Exp. LTDA, BR"
"53281","0","Very Low","False","","Clearpath Hosting"
"53346","0","Very Low","False","","US | ONE-WORLD-TELECOM - One World Telecom, US"
"53370","0","Very Low","False","","dotCOM host"
"53440","0","Very Low","False","","US | NETWD - Netwide Corporation,US"
"53611","0","Very Low","False","","US | EARTHMETA MULTIMEDIA STUDIOS"
"53723","0","Very Low","False","","US | FAST2500 - Fast Lane Communications LLC, US"
"53889","0","Very Low","False","","MICFO - Micfo, LLC., US"
"54046","0","Very Low","False","","QUICKWEB-USA-NET - QuickWeb Technologies LLC, US"
"54500","0","Very Low","False","","18779 - EGIHosting, US"
"54540","0","Very Low","False","","INCERO - Incero LLC, US"
"54817","0","Very Low","False","","ALDEN HOSTING LLC"
"54997","0","Very Low","False","","US | ACQUINITY - Acquinity Interactive, LLC,US"
"55051","0","Very Low","False","","EBOUNDHOST.com"
"55150","0","Very Low","False","","US | DST-01 - DST Resources,US"
"55225","0","Very Low","False","","ILIKA - velia.net (USA) Inc., US"
"55761","0","Very Low","False","","Colocation Hosting Sdn Bhd"
"56110","0","Very Low","False","","HostRightNow Technologies India Pvt Ltd"
"56617","0","Very Low","False","","SIA VPS Hosting"
"56732","0","Very Low","False","","Hostinet AS"
"56784","0","Very Low","False","","Limited liability company MultiHOST MSK"
"56799","0","Very Low","False","","Jordens Datacenter NV"
"56831","0","Very Low","False","","RO | INEVO Inevo Labs SRL"
"57054","0","Very Low","False","","SE | BGPM Consulting AB"
"57059","0","Very Low","False","","UA | UKRADSLAS ChP Timchenko Evgeniy Nikolaevich,UA"
"57085","0","Very Low","False","","LLC Telecom-Media"
"57189","0","Very Low","False","","RU | UNIFIRM LLC"
"57345","0","Very Low","False","","ADM-HOST di Ratti Alessandro"
"57669","0","Very Low","False","","DediPower Managed Hosting Limited"
"57751","0","Very Low","False","","KR | DRK-ALLIANCE-AS DRK-Alliance Ltd.,RU"
"57756","0","Very Low","False","","RU | POLY-NET-AS PE Gaftkovich Irina Valer_evna"
"57880","0","Very Low","False","","GB | PROPER-SUPPORT-LLP, GB"
"57972","0","Very Low","False","","EE | JINGYUN, EE"
"58018","0","Very Low","False","","IL | Netstyle A. Ltd"
"58110","0","Very Low","False","","IP Volume LTD"
"58113","0","Very Low","False","","LIR DATACENTER TELECOM SRL"
"58366","0","Very Low","False","","BG | BGONLINE Bulgaria On Line,BG"
"58667","0","Very Low","False","","SmartNet Hosting and connectivity"
"58797","0","Very Low","False","","Carpathia Hosting"
"58827","0","Very Low","False","","CN | Jilin Gosun Technology Co. Ltd"
"58936","0","Very Low","False","","Managed Hosted Applications Limited"
"58964","0","Very Low","False","","IN | IGIGLE HOST"
"58969","0","Very Low","False","","Kerala Communicators Cable Limited"
"59164","0","Very Low","False","","Apollo Online Services Pvt ltd"
"59344","0","Very Low","False","","JP | SHENZHEN-WETRANS Shenzhen-WETRANS,HK"
"59384","0","Very Low","False","","NL | CHINANET-LIAONING-SHENYANG-MAN CHINANET Liaoning province network,CN"
"59749","0","Very Low","False","","UA | CLEANMAT, BG"
"59764","0","Very Low","False","","ATLANTIC-NET, GB"
"59791","0","Very Low","False","","Linqhost B.V."
"59854","0","Very Low","False","","Top Level Hosting SRL"
"60371","0","Very Low","False","","MT | HPSDEDICATED Int Gambling Ltd,MT"
"60394","0","Very Low","False","","US | MINOTAVAR-AS Minotavar Computers EOOD,BG"
"60505","0","Very Low","False","","TELENET-SLJUDJANKA-AS, RU"
"60739","0","Very Low","False","","Server Centre Hosting Ltd"
"61107","0","Very Low","False","","UNIVERSAL CDN (CYPRUS) LTD"
"61422","0","Very Low","False","","RU | TD-VITA-NET TD-VITA LLC."
"61440","0","Very Low","False","","Digital Energy Technologies Chile SpA, CL"
"62049","0","Very Low","False","","Penta Corporate Hosting Ltd"
"62052","0","Very Low","False","","BG | asnicom Eood"
"62079","0","Very Low","False","","ES | Ibernap Management S.L."
"62088","0","Very Low","False","","Sinarohost LTD"
"62228","0","Very Low","False","","CN | DMAR-AS Decision Marketing LTD,BG"
"62266","0","Very Low","False","","IR | NSGASN Networking Solutions Group,NL"
"62355","0","Very Low","False","","CH | Network Dedicated SAS"
"62471","0","Very Low","False","","SWITCHDATASOLUTIONS-AS - SupremeBytes, LLC, US"
"62519","0","Very Low","False","","US | CERTIFIEDHOST-ASN - Certified Host, LLC,US"
"62567","0","Very Low","False","","DIGITALOCEAN-ASN-NY2 - Digital Ocean, Inc., US"
"62601","0","Very Low","False","","US | Saturn Services LLC"
"62703","0","Very Low","False","","US | CONNECTIONET - Connectionet Solutions, US"
"62729","0","Very Low","False","","A Small Orange LLC"
"62741","0","Very Low","False","","VG | AS-IPL - IP Systems Limited, VG"
"62878","0","Very Low","False","","US | Xlitt"
"62899","0","Very Low","False","","Clarity Web Hosting Inc."
"62922","0","Very Low","False","","US | Clickjet Media"
"62927","0","Very Low","False","","US | Moose-Tec"
"63043","0","Very Low","False","","US | ZERO DDOS LLC"
"63128","0","Very Low","False","","Reliablehosting.com"
"63485","0","Very Low","False","","US | PATRIOT-ASN - Patriot Web Solutions, US"
"63761","0","Very Low","False","","Cong ty TNHH Dich vu truc tuyen Maxdata"
"63889","0","Very Low","False","","Cloud Iv Limited"
"63990","0","Very Low","False","","US | PROTRAFSOLUTIONS-AS-AP ProTraf Solutions LLC,AU"
"64035","0","Very Low","False","","AU | ZIRTUE-AS Zirtue, LLC, AU"
"64067","0","Very Low","False","hosting","HostCircle IT Solutions PVT LTD"
"64085","0","Very Low","False","","ZA | Safren Computer Services"
"65075","0","Very Low","False","","US | Private Use AS"
"80780","0","Very Low","False","","US | Clnetworks Inc"
"131321","0","Very Low","False","","US | FASTMAILPRESSLTD-AS-AP Fastmail Press LTD, GB"
"131334","0","Very Low","False","","JP | MAXHIGH-HK MAX HIGH,HK"
"131472","0","Very Low","False","","TH | DRAGONHISPEED-TH 807/315 m.8 Coocot,TH"
"131695","0","Very Low","False","","Xserver Inc."
"131788","0","Very Low","False","","AU | FUTURINT-IN FUTURISTIC INTERNET SERVICES PRIVATE LIMITED, IN"
"132071","0","Very Low","False","","Interhost Pacific Pty Ltd t/a Intervolve"
"132425","0","Very Low","False","","APC Hosting Pte Ltd"
"133229","0","Very Low","False","","Host Palace Internet Services"
"133696","0","Very Low","False","","Fastway Transmission Private Limited"
"133855","0","Very Low","False","","CN | INFOLINK-AS Infolink Communications,HK"
"133997","0","Very Low","False","","E and U Technology Services LLP"
"134426","0","Very Low","False","","Mahataa Information India Private Limited"
"135706","0","Very Low","False","","Ddc Broadband Pvt. Ltd."
"136800","0","Very Low","False","","ICIDC NETWORK"
"136933","0","Very Low","False","","Gigabitbank Global"
"136945","0","Very Low","False","","CN | TDL-AS-AP Teleneut Datacenters, Ltd., GB"
"139640","0","Very Low","False","","HK NEW CLOUD TECHNOLOGY LIMITED"
"196678","0","Very Low","False","","OOO Hosterov"
"196827","0","Very Low","False","","Credocom Hosting ApS"
"197043","0","Very Low","False","","DE | WEBTRAFFIC , DE"
"197145","0","Very Low","False","","UA | -Reserved AS-,ZZ"
"197286","0","Very Low","False","","CZ | ASJDMNET David Jarolimek,CZ"
"197372","0","Very Low","False","","NMA Hosting Solutions BV"
"197426","0","Very Low","False","","PT | BITCANAL-AS, PT"
"198047","0","Very Low","False","","UK Webhosting Ltd"
"198310","0","Very Low","False","business","OOO Molniya"
"198313","0","Very Low","False","","SystemHOST Limited"
"198375","0","Very Low","False","","INULOGIC SARL, FR"
"198414","0","Very Low","False","","Biznes-Host.pl sp. z o.o."
"199129","0","Very Low","False","","Next point Host EOOD."
"199176","0","Very Low","False","","CZ | ASGIGALYNX Gigalynx s.r.o."
"199213","0","Very Low","False","","Venzo Hosting A/S"
"199733","0","Very Low","False","","Extrahost GmbH"
"199847","0","Very Low","False","","SORTA-HOSTING-SMLLC"
"199874","0","Very Low","False","","RO | Total Solution IT Consulting SRL"
"200039","0","Very Low","False","","HYDRACOM-AS, GB"
"200074","0","Very Low","False","","IR | CITY_COMMERCE_BULGARIA-AS City Commerce Bulgaria Ltd"
"200079","0","Very Low","False","","ZA | MARKETOILBULGARIA-AS MarketOil Bulgaria Ltd,BG"
"200085","0","Very Low","False","","BG | POTOFGOLD_NETWORK-AS POTOFGOLD NETWORKS LLC"
"200137","0","Very Low","False","","BG | INNETWORKS-AS , BG"
"200141","0","Very Low","False","","RU | STOMP-NET-AS STOPM Ivaylo Gochev"
"200494","0","Very Low","False","","IN | TutisHost"
"200532","0","Very Low","False","","LLP Kompaniya Hoster.KZ"
"200775","0","Very Low","False","","PT | DATAPROM-LLC, US"
"200859","0","Very Low","False","","LT | SPSBUILDING, BG"
"201288","0","Very Low","False","","PE | DPT GROUP Ltd"
"201292","0","Very Low","False","","FR | BETECH BeTech Solution SASU,FR"
"201509","0","Very Low","False","","DE | Sky Capital Investments Ltd."
"201640","0","Very Low","False","","BR | MEGA-SPRED MEGA - SPRED LTD,BG"
"201813","0","Very Low","False","isp","SC ITNS.NET SRL"
"202118","0","Very Low","False","","Go Hosting S.P.R.L."
"202144","0","Very Low","False","","UA | TOV CHEMPIR"
"202171","0","Very Low","False","","US | RIJX Jessica Jaye Parker, trading as RIJX,EU"
"202413","0","Very Low","False","","UA | LLC "
"202436","0","Very Low","False","","UA | Ovcharov Oleksandr Mykhailovych"
"202469","0","Very Low","False","isp","SC ITNS.NET SRL"
"202470","0","Very Low","False","isp","Eurotelecom SRL"
"202699","0","Very Low","False","","Asser Al-Technologia Information Technology Company Limited"
"202702","0","Very Low","False","","RO | Jasper Findings LLC"
"202726","0","Very Low","False","","NO | SKYLINE, GB"
"202969","0","Very Low","False","","RU | LLC Avikom"
"203025","0","Very Low","False","isp","SC ITNS.NET SRL"
"203044","0","Very Low","False","","UA | WILLBOWGROUP-AS , UA"
"203418","0","Very Low","False","","CA | MARKETIGAMES_LLC, GB"
"203523","0","Very Low","False","","VIRTONO-NETWORKS, RO"
"203565","0","Very Low","False","","UA | UKRSPECLUX-AS, UA"
"203629","0","Very Low","False","","TERRAHOST_AS, NO"
"203631","0","Very Low","False","","RU | CONTEL-AS , RU"
"203950","0","Very Low","False","hosting","CONTRUST SOLUTIONS S.R.L."
"204085","0","Very Low","False","","GB | Next Global Services L.p."
"204089","0","Very Low","False","","RO | Neoland SRL"
"204293","0","Very Low","False","","UA | LLC SOLAR STRATEGIA"
"204472","0","Very Low","False","","US | A K Digital Media"
"204815","0","Very Low","False","","UA | AS204815 LLC SOLAR STRATEGIA"
"204872","0","Very Low","False","hosting","CONTRUST SOLUTIONS S.R.L."
"204895","0","Very Low","False","","RU | SANTAPLUS-ASN, RU"
"204992","0","Very Low","False","","CZ | NETRAGY1, CZ"
"205124","0","Very Low","False","isp","Uplink SRL"
"205145","0","Very Low","False","isp","Start Telecom LLC"
"205422","0","Very Low","False","","BR | GIGACOLLOCATIONLLC, FR"
"205770","0","Very Low","False","hosting","CONTRUST SOLUTIONS S.R.L."
"205835","0","Very Low","False","","MD | STEFANVODA-UL, MD"
"205857","0","Very Low","False","","DE | DPS-ASN, CZ"
"206005","0","Very Low","False","hosting","CONTRUST SOLUTIONS S.R.L."
"206068","0","Very Low","False","isp","Uplink SRL"
"206127","0","Very Low","False","","MD | MDA-ENVER, MD"
"206178","0","Very Low","False",""," | Global Network Point LLC"
"206233","0","Very Low","False","","IR | LAYROUTE-AS, DK"
"206246","0","Very Low","False","","DE | REACHMEDIASKY, DE"
"206590","0","Very Low","False","","MD | SIS-TRANSIT, MD"
"206592","0","Very Low","False","","ES | Rockthetraveller, SL"
"206644","0","Very Low","False","hosting","CONTRUST SOLUTIONS S.R.L."
"206654","0","Very Low","False","business","TEHNOINSTAL SRL"
"206750","0","Very Low","False","","MD | ENVER, MD"
"206751","0","Very Low","False","","RU | Fibre Optix LLC"
"206898","0","Very Low","False","","Server Hosting Pty Ltd"
"207200","0","Very Low","False","","RU | DIMEWEB-NET, RU"
"207566","0","Very Low","False","isp","Chang Way Technologies Co. Limited"
"207636","0","Very Low","False","","ALEXHOST S.R.L."
"208476","0","Very Low","False","","NL | Danilenko, Artyom"
"209559","0","Very Low","False","","GB | Bcoolt Creative Media"
"209686","0","Very Low","False","","GB | Allied Management"
"209896","0","Very Low","False","hosting","CONTRUST SOLUTIONS S.R.L."
"209946","0","Very Low","False","","UA | ALINDA LLC"
"212811","0","Very Low","False","","GB | Eurowaste Management Srl"
"212906","0","Very Low","False","","Moneroj s.r.o."
"213137","0","Very Low","False","","NL | Infocloud Srl"
"213254","0","Very Low","False","","Russia | RAIT-TELECOM"
"213367","0","Very Low","False","","DE | Neoland Logic Solutions SRL"
"262170","0","Very Low","False","","Visualhosting.net"
"262254","0","Very Low","False","","RU | DDOS-GUARD CORP."
"262267","0","Very Low","False","","PA | American Servers and Networks, Inc, PA"
"263093","0","Very Low","False","","Hostgator Brasil Hospedagem e suporte tecnico LTDA"
"263168","0","Very Low","False","","US | SunTelecom LTD"
"263203","0","Very Low","False","","PA | PC Group PTY S.A., PA"
"263734","0","Very Low","False","","HN | CLNETWORKS SA, HN"
"263745","0","Very Low","False","","HN | TECNOLOGIAS VIRTUALES S.A., HN"
"264668","0","Very Low","False","isp","NEGOCIOS Y TELEFONIA NEDETEL S.A."
"327790","0","Very Low","False","","ZA | Wirels-Connect, ZA"
"328095","0","Very Low","False","","ZA | BLUEGATE-EXCHANGE-AS, ZA"
"393504","0","Very Low","False","","US | XNSTG"
"393646","0","Very Low","False","","US | Primelink Services LLC"
"393715","0","Very Low","False","","US | Starlight Systems LLC, Vero Beach, FL, USA"
"393927","0","Very Low","False","","JP | VOI-NET-INC - VOI NET INC., CA"
"394021","0","Very Low","False","","US | Fiber Galaxy"
"394281","0","Very Low","False","","Xhostserver, LLC"
"395358","0","Very Low","False","","US | Starlight Solutions LLC"
"397539","0","Very Low","False","","US | LAKSH CYBERSECURITY AND DEFENSE LLC"
"398110","0","Very Low","False","","GoDaddy.com, LLC"
"398217","0","Very Low","False","","US | GUIDANCE-HOSTING"
"398271","0","Very Low","False","","HardenedVPN.com LLC"
"398968","0","Very Low","False","","INTERCONTINENTAL INTERNET DATA CORP"
"204915","0","Very Low","False","",""
